column_name,data_type,description,business_meaning,example_value,related_kpi,notes
course_id,String,"Unique identifier assigned to each course in the course catalog.","Connects course metadata to preview and enrollment activity so performance can be measured at course level.","C002","Course Preview Rate; Enrollment Rate; Conversion Rate; Course Popularity","Primary key in courses dataset; foreign key in preview_logs and enrollments; not nullable; expected format C followed by digits; updated when a course is added."
course_name,String,"Display name of the course shown to learners.","Helps business teams identify which course titles attract interest and convert learners.","Data Analysis with Pandas","Course Popularity; Enrollment Rate; Conversion Rate","Should be human readable and unique enough for reporting; nullable values should be corrected before stakeholder reporting; updated when course catalog changes."
category,String,"Learning category or subject area assigned to the course.","Allows comparison of demand, previews, enrollments, and conversion by learning domain.","Data Science","Category Performance; Category Conversion Rate","Valid examples include Programming, Data Science, Web Development, Design, and Marketing; should be standardized to avoid duplicate category labels."
instructor,String,"Name of the instructor associated with the course.","Supports analysis of instructor-level learner interest, quality perception, and enrollment outcomes.","Sana Patel","Instructor Performance; Course Rating Analysis","Should match the instructor master list if available; may change when course ownership changes; not used as a primary key."
price,Decimal,"Listed course price in platform currency.","Used to analyze whether price affects preview-to-enrollment conversion.","29.99","Revenue Potential; Price Conversion Impact","Must be zero or positive; 0.00 indicates a free course; update frequency depends on pricing changes; should not contain currency symbols."
rating,Decimal,"Average learner rating for the course.","Represents learner satisfaction and course quality perception that may influence conversion.","4.8","Course Rating Analysis; Conversion Rate","Expected range is 0.0 to 5.0; should be renamed course_rating for clarity; may be null for new courses with no ratings."
user_id,String,"Unique identifier for a learner or platform user.","Links learner search, preview, and enrollment behavior across the funnel.","U001","Unique Searchers; Preview Rate; Enrollment Rate; Conversion Rate","Foreign key to user master data if available; not personally identifiable by itself; not nullable for event-level tracking."
search_query,String,"Text entered by a learner in the platform search bar.","Captures learner intent and demand signals before course discovery.","python pandas tutorial","Total Searches; Search-to-Preview Rate","Can contain free text; should be trimmed and normalized for keyword analysis; nullable or blank values should be excluded from demand analysis."
search_time,Datetime,"Timestamp when the learner submitted a search query.","Supports time-based demand analysis and funnel sequencing.","2026-07-10T08:12:34","Total Searches; Search-to-Preview Rate; Daily Search Trend","ISO 8601 timestamp expected; should be stored in a consistent timezone; used for daily refresh and trend reporting."
preview_clicked,Boolean,"Flag indicating whether a learner clicked or opened a course preview.","Measures direct learner interest in a course after discovery.","True","Course Preview Rate; Conversion Rate; Course Popularity","Valid values are True and False; True counts as a preview click; should not be confused with page impressions."
preview_time,Datetime,"Timestamp when the preview event was recorded.","Supports sequencing between search, preview, and enrollment events.","2026-07-10T08:13:02","Course Preview Rate; Conversion Funnel Drop-off","ISO 8601 timestamp expected; should occur after or near related search_time when linked by user_id; used for daily funnel reporting."
enrollment_id,String,"Unique identifier assigned to each enrollment record.","Represents a learner enrollment attempt or enrollment record for a course.","E1001","Enrollment Rate; Conversion Rate; Active Enrollments","Primary key in enrollments dataset; not nullable; expected format E followed by digits; generated when an enrollment event is created."
enrollment_status,String,"Current status of the enrollment record.","Distinguishes successful active enrollments from pending or cancelled outcomes.","active","Enrollment Rate; Conversion Rate; Active Enrollment Rate","Valid values include active, pending, cancelled, and completed if supported; active generally counts as successful conversion; update when enrollment state changes."
enrollment_date,Datetime,"Timestamp when the enrollment record was created or last confirmed by the platform.","Used to analyze when learners convert after search or preview activity.","2026-07-10T09:00:00","Enrollment Rate; Conversion Rate; Daily Enrollments","ISO 8601 timestamp expected; should not precede the related preview_time for same learner-course conversion analysis; source file currently stored as enrollments.json in this repo."
