enrollment_id,user_id,course_id,course_name,category,instructor,price,rating,search_query,search_time,preview_clicked,preview_time,enrollment_status,enrollment_date
E2001,U001,C002,Data Analysis with Pandas,Data Science,Sana Patel,29.99,4.8,python pandas tutorial,2026-07-10T08:12:34,True,2026-07-10T08:13:02,active,2026-07-10T09:00:00
E2002,U002,C006,Data Visualization with Matplotlib,Data Science,Diego Santos,14.99,4.3,data visualization matplotlib,2026-07-10T08:15:10,True,2026-07-10T08:16:00,active,2026-07-10T09:10:00
E2003,U003,C004,Machine Learning 101,Data Science,Li Wei,49.99,4.7,machine learning course,2026-07-10T08:17:55,False,,pending,2026-07-10T13:00:00
E2004,U002,C007,Advanced Pandas Patterns,Data Science,Sana Patel,39.99,4.9,advanced pandas,2026-07-11T09:05:12,True,2026-07-11T09:05:45,active,2026-07-11T12:30:00
E2005,U004,C005,SQL for Data Analysis,Data Engineering,Amira Khan,24.99,,sql for data analysis,2026-07-11T10:22:01,True,2026-07-11T10:23:05,cancelled,2026-07-11T11:00:00
E2006,U005,C008,Product Management Fundamentals,Business,Karen Smith,9.99,4.1,product management fundamentals,2026-07-12T11:02:44,,2026-07-12T11:02:44,active,2026-07-12T11:30:00
E2007,U006,C001,Intro to Python,Programming,Alex Johnson,0.00,4.6,intro to python,2026-07-12T12:34:21,True,2026-07-12T12:35:01,pending,2026-07-12T13:00:00
E2008,U007,,Web Development Basics,Web Development,Marco Ruiz,19.99,4.2,web development course,2026-07-12T14:00:00,False,2026-07-12T14:00:10,active,2026-07-12T14:30:00
E2009,,C003,Web Development Basics,Web Development,Marco Ruiz,19.99,4.2,website basics,2026-07-12T14:05:00,True,2026-07-12T14:05:40,active,2026-07-12T15:00:00
E2010,U008,C002,,Data Science,Sana Patel,29.99,4.8,,2026-07-13T08:00:00,True,2026-07-13T08:00:30,active,2026-07-13T09:00:00
E2011,U009,C005,SQL for Data Analysis,Data Engineering,Amira Khan,,4.5,sql tutorial,2026-07-13T09:30:00,True,2026-07-13T09:30:30,active,2026-07-13T10:00:00
E2012,U010,C009,Data Ethics,,Dr. Lin,19.99,3.9,data ethics course,2026-07-13T10:15:00,,2026-07-13T10:15:50,active,2026-07-13T10:45:00
E2013,U011,C004,Machine Learning 101,Data Science,Li Wei,49.99,4.7,machine learning,2026-07-14T11:00:00,True,2026-07-14T11:00:40,active,2026-07-14T12:00:00
E2014,U012,C005,SQL for Data Analysis,,Amira Khan,24.99,4.5,sql,2026-07-14T12:00:00,True,2026-07-14T12:00:30,,2026-07-14T12:30:00
E2015,U013,C002,Data Analysis with Pandas,Data Science,Sana Patel,29.99,4.8,python pandas,2026-07-14T13:20:00,True,2026-07-14T13:20:40,cancelled,2026-07-14T14:00:00
E2016,U014,C007,Advanced Pandas Patterns,Data Science,Sana Patel,,4.9,advanced pandas patterns,2026-07-15T08:40:00,True,2026-07-15T08:41:00,active,2026-07-15T09:00:00
E2017,U015,C006,Data Visualization with Matplotlib,Data Science,Diego Santos,14.99,,visualization,2026-07-15T09:15:00,False,,pending,
E2018,U016,C010,Cloud Fundamentals,Cloud,Rajesh Kumar,34.99,4.0,cloud basics,2026-07-15T10:00:00,True,2026-07-15T10:00:30,active,2026-07-15T10:30:00
E2019,U017,C001,Intro to Python,Programming,Alex Johnson,0.00,4.6,intro python,2026-07-15T11:00:00,True,2026-07-15T11:00:30,active,2026-07-15T11:30:00
E2020,U002,C007,Advanced Pandas Patterns,Data Science,Sana Patel,39.99,4.9,advanced pandas,2026-07-16T08:00:00,True,2026-07-16T08:00:40,active,2026-07-16T09:00:00
E2021,U018,C011,Intro to SQL,Data Engineering,Jordan Lee,21.99,4.4,sql intro,2026-07-16T09:30:00,True,2026-07-16T09:31:00,active,2026-07-16T10:00:00
E2022,U019,C005,SQL for Data Analysis,Data Engineering,Amira Khan,24.99,4.5,sql for analysts,2026-07-16T10:05:00,True,2026-07-16T10:05:30,cancelled,2026-07-16T10:30:00
E2023,U020,C002,Data Analysis with Pandas,Data Science,Sana Patel,29.99,4.8,python pandas tutorial,2026-07-16T11:00:00,True,2026-07-16T11:00:30,active,2026-07-16T12:00:00
E2024,U021,C012,Project Management Basics,Business,Laura Park,11.99,4.0,project management,2026-07-16T12:30:00,,2026-07-16T12:30:30,active,2026-07-16T13:00:00
E2025,U022,C002,Data Analysis with Pandas,Data Science,Sana Patel,29.99,4.8,python,2026-07-16T13:45:00,True,2026-07-16T13:46:00,active,2026-07-16T14:00:00
E2026,U023,C013,UX Fundamentals,Design,Anika Bose,15.99,3.8,,2026-07-16T14:10:00,False,2026-07-16T14:10:30,pending,2026-07-16T15:00:00
E2027,U024,C014,Intro to Cloud,Cloud,Rajesh Kumar,29.99,,cloud intro,2026-07-16T15:20:00,True,2026-07-16T15:20:50,active,2026-07-16T16:00:00
E2028,U025,,No Name Course,Unknown,,19.99,2.5,,2026-07-16T16:40:00,False,2026-07-16T16:41:00,,
E2029,U002,C002,Data Analysis with Pandas,Data Science,Sana Patel,29.99,4.8,python pandas tutorial,2026-07-16T17:00:00,True,2026-07-16T17:01:00,active,2026-07-16T18:00:00
E2030,U026,C004,Machine Learning 101,Data Science,Li Wei,49.99,4.7,machine learning course,2026-07-16T18:30:00,True,2026-07-16T18:30:40,active,2026-07-16T19:00:00
